Instructions,,,,,,,,,,,,,,,,,,,,,,,,,
"Fill in your catalog information below. Avoid some of the most common errors by making sure: 1) each row contains an item name; 2) an item and its variations have the same category and description; 3) GTINs are 8,12, 13, or 14 characters and contain numbers only; and 4) every item referencing an option set has both an option set name and an option value.",,,,,,,,,,,,,,,,,,,,,,,,,
,,,,,,,,,,,,,,,,,,,,,,,,,
Created by Square,Example item,Example item name for customers to see,Small,A12345,100% organic soft cotton t-shirt,"Separate multiple categories with a comma. Indicate subcategories by including their category hierarchy with the greater-than symbol. For example: New arrivals, Women’s > Accessories > Hats & Beanies",Sales of this item will be attributed to the Reporting Category in the category sales report.,653412483659,"Physical, Prepared food and beverage, Digital, Donation, Event, Membership, Other",,Social media link title,Social media link description,24.99,20.99,Y or N,Y or N,Y or N,Y or N,Y or N,Sizes,Small,10,15,Y or N,5
Token,Item Name,Customer-facing Name,Variation Name,SKU,Description,Categories,Reporting Category,GTIN,Item Type,Weight (lb),Social Media Link Title,Social Media Link Description,Price,Online Sale Price,Archived,Sellable,Contains Alcohol,Stockable,Skip Detail Screen in POS,Option Name 1,Option Value 1,Current Quantity The Cafe,New Quantity The Cafe,Stock Alert Enabled The Cafe,Stock Alert Count The Cafe
,Biscuit & Gravy,Biscuit & Gravy,Full,,Served until 11am.,Breakfast,Breakfast,,Prepared food and beverage,,,,8.00,,N,Y,N,N,N,,,,,,
,Biscuit & Gravy,Biscuit & Gravy,Half,,Served until 11am.,Breakfast,Breakfast,,Prepared food and beverage,,,,4.50,,N,Y,N,N,N,,,,,,
,Big Breakfast,Big Breakfast,Regular,,"2 eggs your way, potatoes, choice of bacon, sausage or ham, and white toast. Served until 11am.",Breakfast,Breakfast,,Prepared food and beverage,,,,8.00,,N,Y,N,N,N,,,,,,
,Burrito,Burrito,Regular,,"Build your own: bacon, sausage, ham, cheese, onion, tomato, jalapeno, potato, mushroom, olives. Served with sour cream or salsa. Served until 11am.",Breakfast,Breakfast,,Prepared food and beverage,,,,8.00,,N,Y,N,N,N,,,,,,
,Omelet,Omelet,2 Egg,,"Build your own: bacon, sausage, ham, cheese, onion, tomato, jalapeno, potato, mushroom, olives. Served with sour cream or salsa. Served until 11am.",Breakfast,Breakfast,,Prepared food and beverage,,,,9.00,,N,Y,N,N,N,,,,,,
,Omelet,Omelet,3 Egg,,"Build your own: bacon, sausage, ham, cheese, onion, tomato, jalapeno, potato, mushroom, olives. Served with sour cream or salsa. Served until 11am.",Breakfast,Breakfast,,Prepared food and beverage,,,,11.00,,N,Y,N,N,N,,,,,,
,Breakfast Sandwich,Breakfast Sandwich,Regular,,"One egg, cheese & choice of bacon, sausage or ham, on a biscuit, croissant or English muffin. Served until 11am.",Breakfast,Breakfast,,Prepared food and beverage,,,,5.50,,N,Y,N,N,N,,,,,,
,"Toast, Biscuit or English Muffin","Toast, Biscuit or English Muffin",Toast,,,Breakfast Sides,Breakfast Sides,,Prepared food and beverage,,,,2.50,,N,Y,N,N,N,,,,,,
,"Toast, Biscuit or English Muffin","Toast, Biscuit or English Muffin",Biscuit,,,Breakfast Sides,Breakfast Sides,,Prepared food and beverage,,,,2.50,,N,Y,N,N,N,,,,,,
,"Toast, Biscuit or English Muffin","Toast, Biscuit or English Muffin",English Muffin,,,Breakfast Sides,Breakfast Sides,,Prepared food and beverage,,,,2.50,,N,Y,N,N,N,,,,,,
,Bacon (4 slices),Bacon (4 slices),Regular,,,Breakfast Sides,Breakfast Sides,,Prepared food and beverage,,,,4.50,,N,Y,N,N,Y,,,,,,
,Sausage Patty,Sausage Patty,Regular,,,Breakfast Sides,Breakfast Sides,,Prepared food and beverage,,,,3.00,,N,Y,N,N,Y,,,,,,
,Fried Potatoes,Fried Potatoes,Regular,,,Breakfast Sides,Breakfast Sides,,Prepared food and beverage,,,,3.00,,N,Y,N,N,Y,,,,,,
,Side of Gravy,Side of Gravy,Regular,,,Breakfast Sides,Breakfast Sides,,Prepared food and beverage,,,,2.00,,N,Y,N,N,Y,,,,,,
,Side of Eggs,Side of Eggs,1 Egg,,Cooked your way.,Breakfast Sides,Breakfast Sides,,Prepared food and beverage,,,,1.75,,N,Y,N,N,N,,,,,,
,Side of Eggs,Side of Eggs,2 Eggs,,Cooked your way.,Breakfast Sides,Breakfast Sides,,Prepared food and beverage,,,,3.50,,N,Y,N,N,N,,,,,,
,Side of Eggs,Side of Eggs,3 Eggs,,Cooked your way.,Breakfast Sides,Breakfast Sides,,Prepared food and beverage,,,,5.25,,N,Y,N,N,N,,,,,,
,Chicken Bacon Wrap,Chicken Bacon Wrap,Regular,,"Chicken, bacon, greens, tomato, ranch & cheese. On a flour (white) tortilla, or choose spinach or tomato wrap.",Wraps,Wraps,,Prepared food and beverage,,,,8.50,,N,Y,N,N,N,,,,,,
,Clubhouse Wrap,Clubhouse Wrap,Regular,,"Turkey, ham, bacon, greens, tomato, ranch & cheese. On a flour (white) tortilla, or choose spinach or tomato wrap.",Wraps,Wraps,,Prepared food and beverage,,,,8.50,,N,Y,N,N,N,,,,,,
,Buffalo Chicken Wrap,Buffalo Chicken Wrap,Regular,,"Buffalo chicken, greens, tomato, ranch & cheese. On a flour (white) tortilla, or choose spinach or tomato wrap.",Wraps,Wraps,,Prepared food and beverage,,,,8.50,,N,Y,N,N,N,,,,,,
,Cordon Bleu Wrap,Cordon Bleu Wrap,Regular,,"Chicken, ham, greens, tomato, Swiss cheese & dijon mustard. On a flour (white) tortilla, or choose spinach or tomato wrap.",Wraps,Wraps,,Prepared food and beverage,,,,8.50,,N,Y,N,N,N,,,,,,
,Asian Chicken Wrap,Asian Chicken Wrap,Regular,,"Chicken, greens, tomato, almonds & sesame dressing. On a flour (white) tortilla, or choose spinach or tomato wrap.",Wraps,Wraps,,Prepared food and beverage,,,,8.50,,N,Y,N,N,N,,,,,,
,Caesar Chicken Wrap,Caesar Chicken Wrap,Regular,,"Chicken, greens, tomato, parmesan cheese & caesar dressing. On a flour (white) tortilla, or choose spinach or tomato wrap.",Wraps,Wraps,,Prepared food and beverage,,,,8.50,,N,Y,N,N,N,,,,,,
,Veggie Wrap,Veggie Wrap,Regular,,"On a flour (white) tortilla, or choose spinach or tomato wrap.",Wraps,Wraps,,Prepared food and beverage,,,,8.50,,N,Y,N,N,N,,,,,,
,Clubhouse Sandwich,Clubhouse Sandwich,Regular,,"Turkey, ham, bacon, cheese, lettuce, tomato & mayo on white toast. Choice of bread.",Cold Sandwiches,Cold Sandwiches,,Prepared food and beverage,,,,10.00,,N,Y,N,N,N,,,,,,
,BLT Sandwich,BLT Sandwich,Regular,,"Bacon, lettuce & tomato on white toast. Choice of bread.",Cold Sandwiches,Cold Sandwiches,,Prepared food and beverage,,,,8.00,,N,Y,N,N,N,,,,,,
,Build Your Own Sandwich,Build Your Own Sandwich,1 Meat,,"Pick your meats (the curry chicken, walnut tuna and egg salads count as a meat), a cheese and a bread. Served with lettuce, tomato, pickle & onion.",Cold Sandwiches,Cold Sandwiches,,Prepared food and beverage,,,,8.00,,N,Y,N,N,N,,,,,,
,Build Your Own Sandwich,Build Your Own Sandwich,2 Meats,,"Pick your meats (the curry chicken, walnut tuna and egg salads count as a meat), a cheese and a bread. Served with lettuce, tomato, pickle & onion.",Cold Sandwiches,Cold Sandwiches,,Prepared food and beverage,,,,9.50,,N,Y,N,N,N,,,,,,
,Build Your Own Sandwich,Build Your Own Sandwich,3 Meats,,"Pick your meats (the curry chicken, walnut tuna and egg salads count as a meat), a cheese and a bread. Served with lettuce, tomato, pickle & onion.",Cold Sandwiches,Cold Sandwiches,,Prepared food and beverage,,,,10.00,,N,Y,N,N,N,,,,,,
,Build Your Own Sandwich,Build Your Own Sandwich,Half Sandwich,,"Pick your meats (the curry chicken, walnut tuna and egg salads count as a meat), a cheese and a bread. Served with lettuce, tomato, pickle & onion.",Cold Sandwiches,Cold Sandwiches,,Prepared food and beverage,,,,4.50,,N,Y,N,N,N,,,,,,
,Hamburger,Hamburger,Beef,,"On a Kaiser roll with lettuce, tomato, pickle & onion.",Hot Sandwiches,Hot Sandwiches,,Prepared food and beverage,,,,8.00,,N,Y,N,N,N,,,,,,
,Hamburger,Hamburger,Chicken,,"On a Kaiser roll with lettuce, tomato, pickle & onion.",Hot Sandwiches,Hot Sandwiches,,Prepared food and beverage,,,,8.00,,N,Y,N,N,N,,,,,,
,Cheeseburger,Cheeseburger,Beef,,"On a Kaiser roll with lettuce, tomato, pickle & onion.",Hot Sandwiches,Hot Sandwiches,,Prepared food and beverage,,,,8.50,,N,Y,N,N,N,,,,,,
,Cheeseburger,Cheeseburger,Chicken,,"On a Kaiser roll with lettuce, tomato, pickle & onion.",Hot Sandwiches,Hot Sandwiches,,Prepared food and beverage,,,,8.50,,N,Y,N,N,N,,,,,,
,Navajo Burger,Navajo Burger,Beef,,"Green chile, pepper jack cheese, jalapeno mayo. On a Kaiser roll with lettuce, tomato, pickle & onion.",Hot Sandwiches,Hot Sandwiches,,Prepared food and beverage,,,,10.00,,N,Y,N,N,N,,,,,,
,Navajo Burger,Navajo Burger,Chicken,,"Green chile, pepper jack cheese, jalapeno mayo. On a Kaiser roll with lettuce, tomato, pickle & onion.",Hot Sandwiches,Hot Sandwiches,,Prepared food and beverage,,,,10.00,,N,Y,N,N,N,,,,,,
,Bacon Cheese Burger,Bacon Cheese Burger,Beef,,"4 strips bacon & American cheese. On a Kaiser roll with lettuce, tomato, pickle & onion.",Hot Sandwiches,Hot Sandwiches,,Prepared food and beverage,,,,10.00,,N,Y,N,N,N,,,,,,
,Bacon Cheese Burger,Bacon Cheese Burger,Chicken,,"4 strips bacon & American cheese. On a Kaiser roll with lettuce, tomato, pickle & onion.",Hot Sandwiches,Hot Sandwiches,,Prepared food and beverage,,,,10.00,,N,Y,N,N,N,,,,,,
,Mushroom Swiss Burger,Mushroom Swiss Burger,Beef,,"Mushrooms & Swiss cheese. On a Kaiser roll with lettuce, tomato, pickle & onion.",Hot Sandwiches,Hot Sandwiches,,Prepared food and beverage,,,,10.00,,N,Y,N,N,N,,,,,,
,Mushroom Swiss Burger,Mushroom Swiss Burger,Chicken,,"Mushrooms & Swiss cheese. On a Kaiser roll with lettuce, tomato, pickle & onion.",Hot Sandwiches,Hot Sandwiches,,Prepared food and beverage,,,,10.00,,N,Y,N,N,N,,,,,,
,Cordon Bleu Burger,Cordon Bleu Burger,Beef,,"Ham & Swiss cheese. On a Kaiser roll with lettuce, tomato, pickle & onion.",Hot Sandwiches,Hot Sandwiches,,Prepared food and beverage,,,,10.00,,N,Y,N,N,N,,,,,,
,Cordon Bleu Burger,Cordon Bleu Burger,Chicken,,"Ham & Swiss cheese. On a Kaiser roll with lettuce, tomato, pickle & onion.",Hot Sandwiches,Hot Sandwiches,,Prepared food and beverage,,,,10.00,,N,Y,N,N,N,,,,,,
,Patty Melt,Patty Melt,Beef,,"American & Swiss cheese, grilled onions, on rye.",Hot Sandwiches,Hot Sandwiches,,Prepared food and beverage,,,,10.00,,N,Y,N,N,N,,,,,,
,Patty Melt,Patty Melt,Chicken,,"American & Swiss cheese, grilled onions, on rye.",Hot Sandwiches,Hot Sandwiches,,Prepared food and beverage,,,,10.00,,N,Y,N,N,N,,,,,,
,Grilled Cheese,Grilled Cheese,Regular,,American cheese on white. Choice of bread.,Hot Sandwiches,Hot Sandwiches,,Prepared food and beverage,,,,5.00,,N,Y,N,N,N,,,,,,
,Philly Steak Sandwich,Philly Steak Sandwich,Regular,,"Steak, onions, peppers, mushroom & mozzarella cheese on hoagie roll. Choice of bread.",Hot Sandwiches,Hot Sandwiches,,Prepared food and beverage,,,,11.00,,N,Y,N,N,N,,,,,,
,Reuben Sandwich,Reuben Sandwich,Regular,,"Corn beef, Swiss cheese & thousand island dressing on grilled rye. Choice of bread.",Hot Sandwiches,Hot Sandwiches,,Prepared food and beverage,,,,10.00,,N,Y,N,N,N,,,,,,
,Strawberry Chicken Salad,Strawberry Chicken Salad,Full,,"Greens, chicken, strawberries, walnuts, tomato, parmesan cheese & dressing.",Salads,Salads,,Prepared food and beverage,,,,12.00,,N,Y,N,N,N,,,,,,
,Strawberry Chicken Salad,Strawberry Chicken Salad,Half,,"Greens, chicken, strawberries, walnuts, tomato, parmesan cheese & dressing.",Salads,Salads,,Prepared food and beverage,,,,7.00,,N,Y,N,N,N,,,,,,
,Buffalo Chicken Salad,Buffalo Chicken Salad,Full,,"Greens, buffalo chicken, bacon, tomato, egg, olives, cheddar cheese & dressing.",Salads,Salads,,Prepared food and beverage,,,,12.00,,N,Y,N,N,N,,,,,,
,Buffalo Chicken Salad,Buffalo Chicken Salad,Half,,"Greens, buffalo chicken, bacon, tomato, egg, olives, cheddar cheese & dressing.",Salads,Salads,,Prepared food and beverage,,,,7.00,,N,Y,N,N,N,,,,,,
,Chef Salad,Chef Salad,Full,,"Greens, turkey, ham, tomato, egg, cheddar & parmesan cheese.",Salads,Salads,,Prepared food and beverage,,,,12.00,,N,Y,N,N,N,,,,,,
,Chef Salad,Chef Salad,Half,,"Greens, turkey, ham, tomato, egg, cheddar & parmesan cheese.",Salads,Salads,,Prepared food and beverage,,,,7.00,,N,Y,N,N,N,,,,,,
,Taco Salad,Taco Salad,Full,,"Chips, greens, taco meat, cheese, tomato, onions, olives, jalapeno, salsa & sour cream.",Salads,Salads,,Prepared food and beverage,,,,12.00,,N,Y,N,N,N,,,,,,
,Taco Salad,Taco Salad,Half,,"Chips, greens, taco meat, cheese, tomato, onions, olives, jalapeno, salsa & sour cream.",Salads,Salads,,Prepared food and beverage,,,,7.00,,N,Y,N,N,N,,,,,,
,Salad Plate,Salad Plate,Regular,,"Chicken or tuna salad with cottage cheese on a bed of lettuce, with fruit.",Salads,Salads,,Prepared food and beverage,,,,12.00,,N,Y,N,N,N,,,,,,
,Healthy Plate,Healthy Plate,Regular,,"Grilled chicken or hamburger patty, cottage cheese, hard boiled egg, tomato slices & fruit.",Salads,Salads,,Prepared food and beverage,,,,12.00,,N,Y,N,N,N,,,,,,
,Dinner Salad,Dinner Salad,Regular,,"Greens, tomato, red onion & parmesan cheese.",Salads,Salads,,Prepared food and beverage,,,,4.00,,N,Y,N,N,N,,,,,,
,Soup of the Day,Soup of the Day,Cup,,Starting at 11am.,Soup,Soup,,Prepared food and beverage,,,,5.00,,N,Y,N,N,N,,,,,,
,Soup of the Day,Soup of the Day,Bowl,,Starting at 11am.,Soup,Soup,,Prepared food and beverage,,,,7.00,,N,Y,N,N,N,,,,,,
,Kids Meal,Kids Meal,Regular,,"12 & under. One main (Corn Dog, Chicken Strips, Hamburger, Grilled Cheese) and one side (Cinnamon Apples, Mac & Cheese, Tater Tots, Fresh Fruit).",Kids Meals,Kids Meals,,Prepared food and beverage,,,,6.00,,N,Y,N,N,N,,,,,,
,Potato Salad,Potato Salad,Regular,,,Sides,Sides,,Prepared food and beverage,,,,3.00,,N,Y,N,N,Y,,,,,,
,Pasta Salad,Pasta Salad,Regular,,,Sides,Sides,,Prepared food and beverage,,,,3.00,,N,Y,N,N,Y,,,,,,
,Cucumber Salad,Cucumber Salad,Regular,,,Sides,Sides,,Prepared food and beverage,,,,3.00,,N,Y,N,N,Y,,,,,,
,Tortellini Salad,Tortellini Salad,Regular,,,Sides,Sides,,Prepared food and beverage,,,,3.00,,N,Y,N,N,Y,,,,,,
,Cottage Cheese,Cottage Cheese,Regular,,,Sides,Sides,,Prepared food and beverage,,,,3.00,,N,Y,N,N,Y,,,,,,
,Salad of the Day,Salad of the Day,Regular,,,Sides,Sides,,Prepared food and beverage,,,,3.00,,N,Y,N,N,Y,,,,,,
,Chips,Chips,Regular,,,Sides,Sides,,Prepared food and beverage,,,,1.75,,N,Y,N,N,N,,,,,,
,Chips,Chips,Baked Lays,,,Sides,Sides,,Prepared food and beverage,,,,1.75,,N,Y,N,N,N,,,,,,
,Chips,Chips,BBQ,,,Sides,Sides,,Prepared food and beverage,,,,1.75,,N,Y,N,N,N,,,,,,
,Chips,Chips,Cheetos,,,Sides,Sides,,Prepared food and beverage,,,,1.75,,N,Y,N,N,N,,,,,,
,Chips,Chips,Doritos,,,Sides,Sides,,Prepared food and beverage,,,,1.75,,N,Y,N,N,N,,,,,,
,Fruit Side,Fruit Side,Regular,,,Sides,Sides,,Prepared food and beverage,,,,1.00,,N,Y,N,N,Y,,,,,,
,Special Side,Special Side,Regular,,,Sides,Sides,,Prepared food and beverage,,,,2.00,,N,Y,N,N,Y,,,,,,
,Iced Tea / Fountain Drink,Iced Tea / Fountain Drink,Iced Tea,,Fountain drinks are self-serve Pepsi products.,Drinks,Drinks,,Prepared food and beverage,,,,2.00,,N,Y,N,N,N,,,,,,
,Iced Tea / Fountain Drink,Iced Tea / Fountain Drink,Fountain Drink,,Fountain drinks are self-serve Pepsi products.,Drinks,Drinks,,Prepared food and beverage,,,,2.00,,N,Y,N,N,N,,,,,,
,Coffee,Coffee,Regular,,,Drinks,Drinks,,Prepared food and beverage,,,,1.00,,N,Y,N,N,Y,,,,,,
,Bottle Water,Bottle Water,Regular,,,Drinks,Drinks,,Prepared food and beverage,,,,1.50,,N,Y,N,N,Y,,,,,,
,Bottle Juice,Bottle Juice,Regular,,"Orange, Apple, Cranberry, V8, Tomato.",Drinks,Drinks,,Prepared food and beverage,,,,3.00,,N,Y,N,N,Y,,,,,,
,Cheesecake,Cheesecake,Regular,,"Plain, Caramel or Pumpkin.",Desserts,Desserts,,Prepared food and beverage,,,,3.50,,N,Y,N,N,Y,,,,,,
,Dessert Bar,Dessert Bar,Regular,,Marshmallow Treat or Magic Bar.,Desserts,Desserts,,Prepared food and beverage,,,,1.50,,N,Y,N,N,Y,,,,,,
